dataset,category,total_samples,samples_with_references,reference_rate,total_references,effective_references,reference_effectiveness,noise_references,reference_noise_ratio,samples_with_effective_refs,effective_rate,samples_with_only_noise,noise_rate,avg_effectiveness_score,avg_effective_score,direct_match_count,direct_match_ratio,context_only_count,context_only_ratio
YAGO310-ht,improved,5000,5000,1.0,138348,1722,0.012446873102610808,136626,0.9875531268973892,1693,0.3386,3307,0.6614,0.0047171996733723475,0.3532544338883131,0,0.0,1722,1.0
ConceptNet 100k-ht,degraded,1200,1200,1.0,75670,2089,0.027606713360644904,73581,0.9723932866393551,679,0.5658333333333333,521,0.43416666666666665,0.011439281118945524,0.38597245253088724,1,0.0004786979415988511,2088,0.9995213020584012
WDsinger-ht,degraded,2203,2175,0.9872900590104403,84503,266,0.003147817237257849,84237,0.9968521827627421,215,0.09759418974126191,1960,0.8896958692691784,0.001364060453002687,0.3751525337036775,0,0.0,266,1.0
AristoV4-ht,degraded,20000,19986,0.9993,39795321,1151195,0.028927898332570305,38644126,0.9710721016674297,19079,0.95395,907,0.04535,0.014411118648306034,0.3775161667464684,1614,0.0014020213777856923,1149581,0.9985979786222143
